INSERT INTO JEDNOSTKI_ORGANIZACYJNE (KOD_ORGANIZACJI, NAZWA)
VALUES ('1','Kierowanie');

INSERT INTO JEDNOSTKI_ORGANIZACYJNE (KOD_ORGANIZACJI, NAZWA, KOD_ORG_NADRZ)
VALUES ('2','Finansy', '1');

INSERT INTO STANOWISKA (KOD_STANOWISKA, NAZWA, STATUS)
VALUES ('1','Kierownik', 'Tak');

INSERT INTO STANOWISKA (KOD_STANOWISKA, NAZWA, STATUS)
VALUES ('2','Doradca personalny', 'Tak');

INSERT INTO STANOWISKA (KOD_STANOWISKA, NAZWA, STATUS)
VALUES ('3','Specjalista ds. personalnych', 'Tak');

INSERT INTO STANOWISKA (KOD_STANOWISKA, NAZWA, STATUS)
VALUES ('4','Ksiegowa', 'Tak');

INSERT INTO STANOWISKA (KOD_STANOWISKA, NAZWA, STATUS)
VALUES ('5','Sekretarka', 'Tak');

INSERT INTO PRACOWNICY (ID_PRACOWNIKA, NAZWISKO, IMIE, PESEL)
VALUES ('1','NOWAKOWSKA', 'Anna', '12018672123');

INSERT INTO PRACOWNICY (ID_PRACOWNIKA, NAZWISKO, IMIE, PESEL)
VALUES ('2','KOWALSKI', 'Jakub', '22117675163');

INSERT INTO PRACOWNICY (ID_PRACOWNIKA, NAZWISKO, IMIE, PESEL)
VALUES ('3','WISNIEWSKI', 'Jan', '15068572129');

INSERT INTO PRACOWNICY (ID_PRACOWNIKA, NAZWISKO, IMIE, PESEL)
VALUES ('4','WOZNIAK', 'Kamila', '26087072459');

INSERT INTO PRACOWNICY (ID_PRACOWNIKA, NAZWISKO, IMIE, PESEL)
VALUES ('5','MAZUR', 'Karolina', '19036979129');

INSERT INTO STANOWISKA_PRACOWNIKOW (KOD_ORGANIZACJI, KOD_STANOWISKA, ID_PRACOWNIKA, DATA_ROZPOCZECIA)
VALUES ('1','1','1',TO_DATE('14/11/19','YY/MM/DD'));

INSERT INTO STANOWISKA_PRACOWNIKOW (KOD_ORGANIZACJI, KOD_STANOWISKA, ID_PRACOWNIKA, DATA_ROZPOCZECIA)
VALUES ('1','2','2',TO_DATE('14/11/25','YY/MM/DD'));

INSERT INTO STANOWISKA_PRACOWNIKOW (KOD_ORGANIZACJI, KOD_STANOWISKA, ID_PRACOWNIKA, DATA_ROZPOCZECIA)
VALUES ('1','3','3',TO_DATE('14/12/02','YY/MM/DD'));

INSERT INTO STANOWISKA_PRACOWNIKOW (KOD_ORGANIZACJI, KOD_STANOWISKA, ID_PRACOWNIKA, DATA_ROZPOCZECIA)
VALUES ('2','4','4',TO_DATE('15/01/13','YY/MM/DD'));

INSERT INTO STANOWISKA_PRACOWNIKOW (KOD_ORGANIZACJI, KOD_STANOWISKA, ID_PRACOWNIKA, DATA_ROZPOCZECIA)
VALUES ('2','5','5',TO_DATE('15/04/18','YY/MM/DD'));
